{"admin_1":{"hm":{"hm-x01~":{"geodata":[[0.11327299999999729,[73.236,-53.189,73.735,-52.962],[73.4855,-53.075500000000005],[[[73.735,-53.112],[73.633,-53.044],[73.564,-53.017],[73.488,-53.009],[73.447,-53.028],[73.361,-53.009],[73.297,-52.962],[73.236,-52.982],[73.271,-53.022],[73.329,-53.025],[73.404,-53.139],[73.473,-53.189],[73.581,-53.188],[73.735,-53.112]]]]],"label":{"alt":null,"local":null,"len":32,"ar":null,"bn":null,"de":null,"en":null,"es":null,"fr":null,"el":null,"hi":null,"hu":null,"id":null,"it":null,"ja":null,"ko":null,"nl":null,"pl":null,"pt":null,"ru":null,"sv":null,"tr":null,"vi":null,"zh":null}}}}}