{"admin_1":{"ki":{"ki-x01~":{"geodata":[[0.10304099999999926,[-157.496,1.713,-157.175,2.034],[-157.33550000000002,1.8735],[[[-157.191,1.764],[-157.223,1.774],[-157.325,1.836],[-157.348,1.861],[-157.322,1.972],[-157.386,1.99],[-157.424,2.02],[-157.496,2.034],[-157.409,1.969],[-157.355,1.948],[-157.382,1.902],[-157.424,1.902],[-157.491,1.85],[-157.449,1.8],[-157.411,1.782],[-157.287,1.75],[-157.246,1.713],[-157.175,1.734],[-157.191,1.764]]]],[0.0033840000000001074,[-155.012,-4.079,-154.94,-4.032],[-154.976,-4.0555],[[[-155.012,-4.047],[-154.978,-4.079],[-154.94,-4.032],[-155.012,-4.047]]]],[0.0028980000000001075,[-159.295,3.806,-159.253,3.875],[-159.274,3.8405],[[[-159.285,3.875],[-159.295,3.806],[-159.253,3.829],[-159.285,3.875]]]]],"label":{"alt":null,"local":null,"len":8,"ar":null,"bn":null,"de":null,"en":null,"es":null,"fr":null,"el":null,"hi":null,"hu":null,"id":null,"it":null,"ja":null,"ko":null,"nl":null,"pl":null,"pt":null,"ru":null,"sv":null,"tr":null,"vi":null,"zh":null}}}}}