{"admin_1":{"ax":{"ax-x11~":{"geodata":[[0.0048639999999998094,[20.202,60.086,20.278,60.15],[20.240000000000002,60.117999999999995],[[[20.278,60.142],[20.222,60.15],[20.202,60.088],[20.269,60.086],[20.278,60.142]]]]],"label":{"alt":null,"local":null,"len":10,"ar":null,"bn":null,"de":null,"en":null,"es":null,"fr":null,"el":null,"hi":null,"hu":null,"id":null,"it":null,"ja":null,"ko":null,"nl":null,"pl":null,"pt":null,"ru":null,"sv":null,"tr":null,"vi":null,"zh":null}},"ax-x04~":{"geodata":[[0.019749999999999712,[19.513,60.135,19.671,60.26],[19.592,60.1975],[[[19.639,60.221],[19.579,60.26],[19.513,60.184],[19.545,60.135],[19.671,60.158],[19.639,60.221]]]]],"label":{"alt":null,"local":null,"len":6,"ar":null,"bn":null,"de":null,"en":null,"es":null,"fr":null,"el":null,"hi":null,"hu":null,"id":null,"it":null,"ja":null,"ko":null,"nl":null,"pl":null,"pt":null,"ru":null,"sv":null,"tr":null,"vi":null,"zh":null}},"ax-x02~":{"geodata":[[0.021184999999999985,[19.81,60.091,20.033,60.186],[19.9215,60.1385],[[[19.91,60.101],[19.966,60.091],[20.033,60.144],[19.944,60.186],[19.847,60.178],[19.81,60.149],[19.824,60.094],[19.91,60.101]]]]],"label":{"alt":null,"local":null,"len":6,"ar":null,"bn":null,"de":null,"en":null,"es":null,"fr":null,"el":null,"hi":null,"hu":null,"id":null,"it":null,"ja":null,"ko":null,"nl":null,"pl":null,"pt":null,"ru":null,"sv":null,"tr":null,"vi":null,"zh":null}},"ax-x06~":{"geodata":[[0.005095999999999908,[20.506,60.007,20.61,60.056],[20.558,60.031499999999994],[[[20.61,60.045],[20.545,60.056],[20.506,60.024],[20.577,60.007],[20.61,60.045]]]],[0.005074000000000842,[20.281,59.977,20.399,60.02],[20.34,59.9985],[[[20.281,59.977],[20.399,59.981],[20.339,60.02],[20.281,59.977]]]]],"label":{"alt":null,"local":null,"len":5,"ar":null,"bn":null,"de":null,"en":null,"es":null,"fr":null,"el":null,"hi":null,"hu":null,"id":null,"it":null,"ja":null,"ko":null,"nl":null,"pl":null,"pt":null,"ru":null,"sv":null,"tr":null,"vi":null,"zh":null}},"ax-x10~":{"geodata":[[0.02024600000000058,[20.034,59.989,20.225,60.095],[20.1295,60.042],[[[20.034,60.064],[20.104,60.028],[20.123,59.989],[20.225,60.005],[20.193,60.066],[20.101,60.095],[20.034,60.064]]]]],"label":{"alt":null,"local":null,"len":7,"ar":null,"bn":null,"de":null,"en":null,"es":null,"fr":null,"el":null,"hi":null,"hu":null,"id":null,"it":null,"ja":null,"ko":null,"nl":null,"pl":null,"pt":null,"ru":null,"sv":null,"tr":null,"vi":null,"zh":null}}}}}