{"admin_1":{"hk":{"hk-x16~":{"geodata":[[0.023343000000000436,[114.082,22.468,114.333,22.561],[114.2075,22.514499999999998],[[[114.23,22.556],[114.162,22.561],[114.149,22.538],[114.082,22.529],[114.085,22.523],[114.102,22.47],[114.14,22.468],[114.215,22.5],[114.297,22.491],[114.333,22.512],[114.299,22.501],[114.255,22.551],[114.23,22.556]]]]],"label":{"alt":null,"local":null,"len":5,"ar":null,"bn":null,"de":null,"en":null,"es":null,"fr":null,"el":null,"hi":null,"hu":null,"id":null,"it":null,"ja":null,"ko":null,"nl":null,"pl":null,"pt":null,"ru":null,"sv":null,"tr":null,"vi":null,"zh":null}},"hk-x18~":{"geodata":[[0.020264999999999856,[113.837,22.211,114.03,22.316],[113.93350000000001,22.2635],[[[113.996,22.316],[113.928,22.285],[113.893,22.293],[113.837,22.229],[113.928,22.211],[113.946,22.237],[113.992,22.241],[114.019,22.265],[114.03,22.316],[113.996,22.316]]]]],"label":{"alt":null,"local":null,"len":7,"ar":null,"bn":null,"de":null,"en":null,"es":null,"fr":null,"el":null,"hi":null,"hu":null,"id":null,"it":null,"ja":null,"ko":null,"nl":null,"pl":null,"pt":null,"ru":null,"sv":null,"tr":null,"vi":null,"zh":null}},"hk-x04~":{"geodata":[[0.009723999999999738,[114.113,22.204,114.256,22.272],[114.1845,22.238],[[[114.251,22.249],[114.189,22.259],[114.162,22.258],[114.113,22.272],[114.129,22.249],[114.207,22.212],[114.256,22.204],[114.251,22.249]]]]],"label":{"alt":null,"local":null,"len":8,"ar":null,"bn":null,"de":null,"en":null,"es":null,"fr":null,"el":null,"hi":null,"hu":null,"id":null,"it":null,"ja":null,"ko":null,"nl":null,"pl":null,"pt":null,"ru":null,"sv":null,"tr":null,"vi":null,"zh":null}},"hk-x01~":{"geodata":[[0.0011129999999999849,[114.113,22.258,114.166,22.279],[114.1395,22.2685],[[[114.113,22.272],[114.162,22.258],[114.166,22.279],[114.113,22.272]]]]],"label":{"alt":null,"local":null,"len":19,"ar":null,"bn":null,"de":null,"en":null,"es":null,"fr":null,"el":null,"hi":null,"hu":null,"id":null,"it":null,"ja":null,"ko":null,"nl":null,"pl":null,"pt":null,"ru":null,"sv":null,"tr":null,"vi":null,"zh":null}},"hk-x02~":{"geodata":[[0.0005669999999997446,[114.162,22.258,114.189,22.279],[114.1755,22.2685],[[[114.166,22.279],[114.162,22.258],[114.189,22.259],[114.179,22.279],[114.166,22.279]]]]],"label":{"alt":null,"local":null,"len":8,"ar":null,"bn":null,"de":null,"en":null,"es":null,"fr":null,"el":null,"hi":null,"hu":null,"id":null,"it":null,"ja":null,"ko":null,"nl":null,"pl":null,"pt":null,"ru":null,"sv":null,"tr":null,"vi":null,"zh":null}},"hk-x03~":{"geodata":[[0.0021600000000001635,[114.179,22.249,114.251,22.279],[114.215,22.264],[[[114.179,22.279],[114.189,22.259],[114.251,22.249],[114.236,22.278],[114.179,22.279]]]]],"label":{"alt":null,"local":null,"len":7,"ar":null,"bn":null,"de":null,"en":null,"es":null,"fr":null,"el":null,"hi":null,"hu":null,"id":null,"it":null,"ja":null,"ko":null,"nl":null,"pl":null,"pt":null,"ru":null,"sv":null,"tr":null,"vi":null,"zh":null}},"hk-x13~":{"geodata":[[0.010200000000000063,[114.021,22.35,114.171,22.418],[114.096,22.384],[[[114.112,22.358],[114.151,22.367],[114.171,22.418],[114.137,22.412],[114.036,22.382],[114.021,22.35],[114.079,22.366],[114.112,22.358]]]]],"label":{"alt":null,"local":null,"len":9,"ar":null,"bn":null,"de":null,"en":null,"es":null,"fr":null,"el":null,"hi":null,"hu":null,"id":null,"it":null,"ja":null,"ko":null,"nl":null,"pl":null,"pt":null,"ru":null,"sv":null,"tr":null,"vi":null,"zh":null}},"hk-x17~":{"geodata":[[0.019600000000000072,[114.137,22.412,114.333,22.512],[114.235,22.462],[[[114.333,22.512],[114.297,22.491],[114.215,22.5],[114.14,22.468],[114.137,22.412],[114.171,22.418],[114.205,22.425],[114.333,22.512]]]],[0.00986000000000007,[114.251,22.395,114.367,22.48],[114.309,22.4375],[[[114.251,22.431],[114.251,22.395],[114.318,22.419],[114.35,22.403],[114.367,22.446],[114.324,22.48],[114.251,22.431]]]]],"label":{"alt":null,"local":null,"len":6,"ar":null,"bn":null,"de":null,"en":null,"es":null,"fr":null,"el":null,"hi":null,"hu":null,"id":null,"it":null,"ja":null,"ko":null,"nl":null,"pl":null,"pt":null,"ru":null,"sv":null,"tr":null,"vi":null,"zh":null}},"hk-x11~":{"geodata":[[0.008900000000000978,[114.151,22.342,114.251,22.431],[114.201,22.386499999999998],[[[114.205,22.425],[114.171,22.418],[114.151,22.367],[114.159,22.342],[114.17,22.345],[114.186,22.348],[114.223,22.356],[114.251,22.395],[114.251,22.431],[114.205,22.425]]]]],"label":{"alt":null,"local":null,"len":7,"ar":null,"bn":null,"de":null,"en":null,"es":null,"fr":null,"el":null,"hi":null,"hu":null,"id":null,"it":null,"ja":null,"ko":null,"nl":null,"pl":null,"pt":null,"ru":null,"sv":null,"tr":null,"vi":null,"zh":null}},"hk-x10~":{"geodata":[[0.028687999999999735,[114.223,22.27,114.386,22.446],[114.30449999999999,22.358],[[[114.367,22.446],[114.35,22.403],[114.318,22.419],[114.251,22.395],[114.223,22.356],[114.234,22.333],[114.243,22.286],[114.278,22.27],[114.312,22.297],[114.273,22.321],[114.278,22.391],[114.386,22.37],[114.367,22.446]]]]],"label":{"alt":null,"local":null,"len":8,"ar":null,"bn":null,"de":null,"en":null,"es":null,"fr":null,"el":null,"hi":null,"hu":null,"id":null,"it":null,"ja":null,"ko":null,"nl":null,"pl":null,"pt":null,"ru":null,"sv":null,"tr":null,"vi":null,"zh":null}},"hk-x09~":{"geodata":[[0.001861999999999819,[114.205,22.286,114.243,22.335],[114.22399999999999,22.3105],[[[114.243,22.286],[114.234,22.333],[114.205,22.335],[114.212,22.311],[114.243,22.286]]]]],"label":{"alt":null,"local":null,"len":9,"ar":null,"bn":null,"de":null,"en":null,"es":null,"fr":null,"el":null,"hi":null,"hu":null,"id":null,"it":null,"ja":null,"ko":null,"nl":null,"pl":null,"pt":null,"ru":null,"sv":null,"tr":null,"vi":null,"zh":null}},"hk-x06~":{"geodata":[[0.0023940000000000324,[114.17,22.291,114.212,22.348],[114.191,22.319499999999998],[[[114.212,22.311],[114.205,22.335],[114.186,22.348],[114.17,22.345],[114.175,22.323],[114.177,22.291],[114.212,22.311]]]]],"label":{"alt":null,"local":null,"len":12,"ar":null,"bn":null,"de":null,"en":null,"es":null,"fr":null,"el":null,"hi":null,"hu":null,"id":null,"it":null,"ja":null,"ko":null,"nl":null,"pl":null,"pt":null,"ru":null,"sv":null,"tr":null,"vi":null,"zh":null}},"hk-x05~":{"geodata":[[0.0005440000000003243,[114.16,22.291,114.177,22.323],[114.1685,22.307000000000002],[[[114.177,22.291],[114.175,22.323],[114.16,22.322],[114.177,22.291]]]]],"label":{"alt":null,"local":null,"len":13,"ar":null,"bn":null,"de":null,"en":null,"es":null,"fr":null,"el":null,"hi":null,"hu":null,"id":null,"it":null,"ja":null,"ko":null,"nl":null,"pl":null,"pt":null,"ru":null,"sv":null,"tr":null,"vi":null,"zh":null}},"hk-x07~":{"geodata":[[0.0006669999999999073,[114.146,22.322,114.175,22.345],[114.1605,22.3335],[[[114.16,22.322],[114.175,22.323],[114.17,22.345],[114.159,22.342],[114.146,22.332],[114.16,22.322]]]]],"label":{"alt":null,"local":null,"len":12,"ar":null,"bn":null,"de":null,"en":null,"es":null,"fr":null,"el":null,"hi":null,"hu":null,"id":null,"it":null,"ja":null,"ko":null,"nl":null,"pl":null,"pt":null,"ru":null,"sv":null,"tr":null,"vi":null,"zh":null}},"hk-x12~":{"geodata":[[0.0016450000000004007,[114.112,22.332,114.159,22.367],[114.13550000000001,22.3495],[[[114.146,22.332],[114.159,22.342],[114.151,22.367],[114.112,22.358],[114.146,22.332]]]]],"label":{"alt":null,"local":null,"len":10,"ar":null,"bn":null,"de":null,"en":null,"es":null,"fr":null,"el":null,"hi":null,"hu":null,"id":null,"it":null,"ja":null,"ko":null,"nl":null,"pl":null,"pt":null,"ru":null,"sv":null,"tr":null,"vi":null,"zh":null}},"hk-x14~":{"geodata":[[0.010702999999999423,[113.897,22.35,114.036,22.427],[113.9665,22.3885],[[[114.021,22.35],[114.036,22.382],[113.941,22.427],[113.897,22.409],[113.914,22.376],[114.021,22.35]]]]],"label":{"alt":null,"local":null,"len":8,"ar":null,"bn":null,"de":null,"en":null,"es":null,"fr":null,"el":null,"hi":null,"hu":null,"id":null,"it":null,"ja":null,"ko":null,"nl":null,"pl":null,"pt":null,"ru":null,"sv":null,"tr":null,"vi":null,"zh":null}},