{"admin_1":{"-1":{"-99-x16~":{"geodata":[[0.02895599999999985,[33.679,34.942,33.907,35.069],[33.793,35.0055],[[[33.702,34.973],[33.786,34.985],[33.847,34.942],[33.892,34.958],[33.829,35.001],[33.841,35.051],[33.907,35.069],[33.824,35.067],[33.766,35.032],[33.719,35.063],[33.679,35.034],[33.703,34.988],[33.702,34.973]]]]],"label":{"alt":"Eastern Sovereign Base","local":null,"len":8,"ar":null,"bn":null,"de":null,"en":null,"es":null,"fr":null,"el":null,"hi":null,"hu":null,"id":null,"it":null,"ja":null,"ko":null,"nl":null,"pl":null,"pt":null,"ru":null,"sv":null,"tr":null,"vi":null,"zh":null}},"-99-x11~":{"geodata":[[21.965372000000002,[42.647,7.997,48.939,11.488],[45.793,9.7425],[[[48.939,9.563],[48.939,10.125],[48.939,10.575],[48.939,11.249],[48.889,11.251],[48.801,11.279],[48.724,11.315],[48.655,11.331],[48.586,11.317],[48.522,11.319],[48.479,11.296],[48.343,11.275],[48.294,11.223],[48.22,11.211],[48.161,11.146],[48.13,11.137],[47.948,11.125],[47.893,11.133],[47.767,11.13],[47.71,11.101],[47.678,11.108],[47.523,11.187],[47.49,11.193],[47.367,11.173],[47.181,11.08],[47.132,11.036],[47.008,10.939],[46.881,10.893],[46.866,10.872],[46.782,10.822],[46.694,10.782],[46.66,10.754],[46.528,10.726],[46.448,10.693],[46.37,10.697],[46.335,10.71],[46.263,10.777],[46.207,10.796],[46.102,10.771],[45.978,10.799],[45.884,10.841],[45.856,10.824],[45.803,10.875],[45.754,10.872],[45.673,10.796],[45.586,10.766],[45.543,10.722],[45.487,10.685],[45.392,10.658],[45.337,10.671],[45.252,10.601],[45.157,10.541],[45.111,10.526],[45.001,10.46],[44.962,10.416],[44.899,10.412],[44.751,10.428],[44.586,10.384],[44.465,10.401],[44.389,10.397],[44.274,10.457],[44.15,10.559],[44.098,10.589],[44.028,10.652],[43.922,10.724],[43.83,10.803],[43.756,10.894],[43.659,10.988],[43.583,11.135],[43.488,11.239],[43.479,11.272],[43.494,11.365],[43.46,11.351],[43.376,11.392],[43.32,11.446],[43.267,11.462],[43.241,11.488],[43.189,11.408],[42.924,10.999],[42.894,10.92],[42.819,10.873],[42.801,10.821],[42.75,10.776],[42.7,10.659],[42.647,10.632],[42.669,10.566],[42.695,10.525],[42.75,10.472],[42.777,10.425],[42.789,10.333],[42.836,10.208],[42.862,10.177],[42.958,10.116],[43.0,10.062],[43.04,9.95],[43.068,9.923],[43.187,9.883],[43.206,9.851],[43.235,9.692],[43.271,9.628],[43.316,9.608],[43.371,9.544],[43.419,9.413],[43.548,9.336],[43.622,9.337],[43.985,9.008],[44.024,8.986],[44.545,8.815],[45.162,8.612],[45.514,8.497],[46.102,8.3],[46.438,8.187],[46.921,8.026],[46.979,7.997],[47.366,7.997],[47.979,7.997],[48.339,8.542],[48.579,8.906],[48.939,9.451],[48.939,9.563]]]]],"label":{"alt":null,"local":null,"len":10,"ar":null,"bn":null,"de":null,"en":null,"es":null,"fr":null,"el":null,"hi":null,"hu":null,"id":null,"it":null,"ja":null,"ko":null,"nl":null,"pl":null,"pt":null,"ru":null,"sv":null,"tr":null,"vi":null,"zh":null}},"-99-x13~":{"geodata":[[0.0055890000000004235,[-75.164,19.891,-75.095,19.972],[-75.12950000000001,19.9315],[[[-75.095,19.897],[-75.095,19.972],[-75.137,19.972],[-75.101,19.953],[-75.164,19.914],[-75.162,19.891],[-75.095,19.897]]]],[0.0053960000000006555,[-75.233,19.9,-75.157,19.971],[-75.195,19.935499999999998],[[[-75.16,19.971],[-75.229,19.937],[-75.233,19.9],[-75.157,19.939],[-75.16,19.971]]]]],"label":{"alt":null,"local":null,"len":19,"ar":null,"bn":null,"de":null,"en":null,"es":null,"fr":null,"el":null,"hi":null,"hu":null,"id":null,"it":null,"ja":null,"ko":null,"nl":null,"pl":null,"pt":null,"ru":null,"sv":null,"tr":null,"vi":null,"zh":null}},"-99-x04~":{"geodata":[[1.2284860000000053,[32.711,35.032,34.578,35.69],[33.6445,35.361],[[[33.907,35.069],[34.012,35.064],[33.9,35.164],[33.907,35.243],[33.924,35.279],[33.971,35.321],[34.059,35.324],[34.085,35.37],[34.138,35.415],[34.352,35.521],[34.441,35.584],[34.542,35.637],[34.573,35.644],[34.578,35.69],[34.361,35.608],[34.32,35.586],[34.182,35.554],[34.131,35.511],[34.036,35.471],[33.835,35.41],[33.784,35.417],[33.66,35.359],[33.428,35.329],[33.281,35.342],[33.14,35.362],[33.07,35.359],[32.985,35.375],[32.92,35.398],[32.936,35.337],[32.929,35.233],[32.915,35.201],[32.865,35.157],[32.828,35.149],[32.711,35.182],[32.732,35.143],[32.795,35.127],[32.855,35.079],[32.923,35.099],[32.989,35.131],[33.096,35.17],[33.19,35.19],[33.24,35.171],[33.315,35.162],[33.375,35.174],[33.4,35.198],[33.477,35.095],[33.477,35.057],[33.535,35.057],[33.592,35.034],[33.679,35.034],[33.719,35.063],[33.766,35.032],[33.824,35.067],[33.907,35.069]]]]],"label":{"alt":null,"local":null,"len":15,"ar":null,"bn":null,"de":null,"en":null,"es":null,"fr":null,"el":null,"hi":null,"hu":null,"id":null,"it":null,"ja":null,"ko":null,"nl":null,"pl":null,"pt":null,"ru":null,"sv":null,"tr":null,"vi":null,"zh":null}},"-99-x06~":{"geodata":[[0.5483279999999994,[76.777,35.11,77.8,35.646],[77.2885,35.378],[[[77.049,35.11],[77.425,35.303],[77.8,35.495],[77.747,35.494],[77.661,35.458],[77.512,35.478],[77.413,35.469],[77.352,35.486],[77.305,35.518],[77.251,35.531],[77.178,35.523],[77.105,35.538],[77.039,35.585],[76.936,35.58],[76.896,35.59],[76.843,35.641],[76.777,35.646],[77.049,35.11]]]]],"label":{"alt":null,"local":null,"len":7,"ar":null,"bn":null,"de":null,"en":null,"es":null,"fr":null,"el":null,"hi":null,"hu":null,"id":null,"it":null,"ja":null,"ko":null,"nl":null,"pl":null,"pt":null,"ru":null,"sv":null,"tr":null,"vi":null,"zh":null}},"-99-x05~":{"geodata":[[0.9596179999999979,[62.801,45.566,63.967,46.389],[63.384,45.977500000000006],[[[63.384,45.566],[63.557,45.584],[63.662,45.616],[63.755,45.66],[63.868,45.748],[63.921,45.818],[63.955,45.895],[63.967,45.978],[63.955,46.061],[63.921,46.139],[63.868,46.209],[63.755,46.297],[63.662,46.341],[63.557,46.372],[63.444,46.389],[63.324,46.389],[63.21,46.372],[63.106,46.341],[63.013,46.297],[62.9,46.209],[62.846,46.139],[62.813,46.061],[62.801,45.978],[62.813,45.895],[62.846,45.818],[62.9,45.748],[63.013,45.66],[63.106,45.616],[63.21,45.584],[63.384,45.566]]]]],"label":{"alt":null,"local":null,"len":27,"ar":"بايكونور","bn":"বাইকুনোর","de":"Baikonur","en":"Baikonur","es":"Baikonur","fr":"Baïkonour","el":"Μπαϊκονούρ","hi":"बायकोनूर","hu":"Bajkonur","id":"Baykonur","it":"Bayqoñyr","ja":"バイコヌール","ko":"바이코누르","nl":"Bajkonoer","pl":"Bajkonur","pt":"Baikonur","ru":"Байконур","sv":"Bajkonur","tr":"Baykonur","vi":"Baikonur","zh":"拜科努爾"}},"-99-x17~":{"geodata":[[0.035507999999999214,[32.761,34.569,33.03,34.701],[32.8955,34.635000000000005],[[[33.016,34.634],[32.988,34.673],[32.936,34.658],[32.885,34.667],[32.832,34.701],[32.761,34.653],[32.813,34.669],[32.914,34.657],[32.945,34.594],[32.941,34.569],[33.03,34.569],[33.016,34.634]]]]],"label":{"alt":"Western Sovereign Base","local":null,"len":8,"ar":null,"bn":null,"de":null,"en":null,"es":null,"fr":null,"el":null,"hi":null,"hu":null,"id":null,"it":null,"ja":null,"ko":null,"nl":null,"pl":null,"pt":null,"ru":null,"sv":null,"tr":null,"vi":null,"zh":null}},"-99-x14~":{"geodata":[[0.00852600000000039,[105.628,-10.529,105.715,-10.431],[105.67150000000001,-10.48],[[[105.704,-10.431],[105.655,-10.47],[105.628,-10.509],[105.698,-10.529],[105.715,-10.437],[105.704,-10.431]]]]],"label":{"alt":null,"local":null,"len":16,"ar":"جزيرة عيد الميلاد","bn":"ক্রিসমাস দ্বীপমালা","de":"Weihnachtsinsel","en":"Christmas Island","es":"Isla de Navidad","fr":"île Christmas","el":"Νήσος των Χριστουγέννων","hi":"क्रिसमस द्वीप","hu":"Karácsony-sziget","id":"Pulau Natal","it":"Isola di Natale","ja":"クリスマス島","ko":"크리스마스 섬","nl":"Christmaseiland","pl":"Wyspa Bożego Narodzenia","pt":"Ilha Christmas","ru":"Остров Рождества","sv":"Julön","tr":"Christmas Adası","vi":"Đảo Christmas","zh":"圣诞岛"}}}}}