{"admin_1":{"nu":{"nu-x01~":{"geodata":[[0.027767999999996122,[-169.95,-19.143,-169.794,-18.965],[-169.872,-19.054000000000002],[[[-169.851,-18.965],[-169.896,-18.965],[-169.95,-19.087],[-169.926,-19.095],[-169.899,-19.143],[-169.824,-19.102],[-169.794,-19.047],[-169.825,-18.968],[-169.851,-18.965]]]]],"label":{"alt":null,"local":null,"len":4,"ar":null,"bn":null,"de":null,"en":null,"es":null,"fr":null,"el":null,"hi":null,"hu":null,"id":null,"it":null,"ja":null,"ko":null,"nl":null,"pl":null,"pt":null,"ru":null,"sv":null,"tr":null,"vi":null,"zh":null}}}}}