{"admin_1":{"gs":{"gs-x01~":{"geodata":[[2.007784000000011,[-38.005,-54.887,-35.784,-53.983],[-36.8945,-54.435],[[[-35.909,-54.687],[-35.951,-54.571],[-36.043,-54.574],[-36.1,-54.545],[-36.016,-54.495],[-36.042,-54.464],[-36.146,-54.45],[-36.176,-54.43],[-36.162,-54.373],[-36.244,-54.375],[-36.235,-54.339],[-36.261,-54.285],[-36.394,-54.243],[-36.337,-54.351],[-36.375,-54.356],[-36.419,-54.315],[-36.488,-54.314],[-36.501,-54.272],[-36.545,-54.238],[-36.631,-54.278],[-36.676,-54.249],[-36.559,-54.195],[-36.542,-54.161],[-36.659,-54.182],[-36.622,-54.12],[-36.655,-54.106],[-36.779,-54.099],[-36.891,-54.07],[-37.06,-54.065],[-37.122,-54.112],[-37.17,-54.044],[-37.233,-54.068],[-37.293,-54.044],[-37.409,-54.051],[-37.443,-54.01],[-37.492,-54.0],[-37.69,-54.004],[-37.738,-53.983],[-37.82,-54.01],[-37.912,-53.991],[-38.005,-54.024],[-37.928,-54.046],[-37.841,-54.03],[-37.793,-54.044],[-37.615,-54.038],[-37.706,-54.098],[-37.725,-54.133],[-37.669,-54.173],[-37.551,-54.166],[-37.529,-54.133],[-37.436,-54.133],[-37.388,-54.148],[-37.262,-54.141],[-37.394,-54.201],[-37.335,-54.23],[-37.41,-54.248],[-37.368,-54.277],[-37.242,-54.25],[-37.153,-54.258],[-37.08,-54.287],[-37.086,-54.312],[-37.001,-54.346],[-36.885,-54.336],[-36.888,-54.38],[-36.799,-54.411],[-36.813,-54.445],[-36.684,-54.477],[-36.641,-54.511],[-36.542,-54.497],[-36.463,-54.538],[-36.484,-54.569],[-36.422,-54.593],[-36.312,-54.69],[-36.299,-54.744],[-36.192,-54.811],[-36.102,-54.887],[-36.008,-54.865],[-35.887,-54.784],[-35.835,-54.791],[-35.784,-54.757],[-35.915,-54.715],[-35.909,-54.687]]]],[0.020139999999999735,[-26.458,-58.477,-26.246,-58.382],[-26.351999999999997,-58.4295],[[[-26.26,-58.437],[-26.246,-58.403],[-26.312,-58.382],[-26.431,-58.385],[-26.458,-58.427],[-26.43,-58.452],[-26.301,-58.477],[-26.26,-58.437]]]],[0.00945500000000006,[-26.654,-59.067,-26.499,-59.006],[-26.5765,-59.036500000000004],[[[-26.63,-59.006],[-26.654,-59.046],[-26.596,-59.067],[-26.499,-59.033],[-26.563,-59.008],[-26.63,-59.006]]]],[0.006052000000000589,[-26.513,-57.813,-26.424,-57.745],[-26.4685,-57.778999999999996],[[[-26.424,-57.813],[-26.438,-57.745],[-26.513,-57.773],[-26.424,-57.813]]]],[0.003943999999999863,[-27.253,-59.471,-27.137,-59.437],[-27.195,-59.45399999999999],[[[-27.253,-59.458],[-27.153,-59.471],[-27.137,-59.437],[-27.231,-59.438],[-27.253,-59.458]]]]],"label":{"alt":null,"local":null,"len":44,"ar":null,"bn":null,"de":null,"en":null,"es":null,"fr":null,"el":null,"hi":null,"hu":null,"id":null,"it":null,"ja":null,"ko":null,"nl":null,"pl":null,"pt":null,"ru":null,"sv":null,"tr":null,"vi":null,"zh":null}}}}}