{"in_district":{"in-tr":{"north tripura":{"geodata":[[0.23537499999999234,[92.063,23.652,92.332,24.527],[92.19749999999999,24.0895],[[[92.176,23.708],[92.206,23.705],[92.217,23.684],[92.211,23.662],[92.224,23.652],[92.245,23.696],[92.241,23.719],[92.265,23.725],[92.265,23.725],[92.257,23.813],[92.257,23.813],[92.282,23.815],[92.268,23.842],[92.27,23.845],[92.28,23.86],[92.285,23.867],[92.286,23.867],[92.293,23.866],[92.313,23.861],[92.314,23.862],[92.311,23.88],[92.325,23.914],[92.309,23.931],[92.308,23.961],[92.326,23.998],[92.312,24.052],[92.328,24.102],[92.332,24.152],[92.324,24.171],[92.332,24.18],[92.291,24.251],[92.22,24.234],[92.219,24.235],[92.217,24.234],[92.192,24.243],[92.21,24.248],[92.219,24.286],[92.26,24.358],[92.247,24.441],[92.246,24.442],[92.23,24.452],[92.23,24.501],[92.23,24.502],[92.228,24.503],[92.212,24.505],[92.214,24.509],[92.168,24.527],[92.156,24.525],[92.15,24.491],[92.168,24.424],[92.14,24.425],[92.111,24.383],[92.07,24.377],[92.063,24.312],[92.069,24.304],[92.068,24.271],[92.097,24.264],[92.104,24.238],[92.132,24.219],[92.138,24.192],[92.162,24.203],[92.165,24.203],[92.172,24.19],[92.204,24.182],[92.203,24.168],[92.202,24.158],[92.145,24.117],[92.167,24.102],[92.165,24.095],[92.143,24.041],[92.134,24.032],[92.122,24.038],[92.111,24.024],[92.114,24.005],[92.116,23.999],[92.113,23.994],[92.085,23.99],[92.081,23.933],[92.088,23.931],[92.12,23.932],[92.131,23.923],[92.155,23.852],[92.156,23.78],[92.172,23.751],[92.176,23.708]]]]],"label":{"en":"North Tripura"}},"dhalai":{"geodata":[[0.3624210000000057,[91.743,23.408,92.176,24.245],[91.95949999999999,23.826500000000003],[[[92.085,23.99],[92.087,24.017],[92.087,24.017],[92.074,24.023],[92.059,24.029],[92.073,24.096],[92.051,24.1],[92.03,24.09],[92.007,24.1],[92.002,24.075],[91.993,24.082],[91.969,24.06],[91.97,24.076],[91.924,24.108],[91.923,24.109],[91.903,24.138],[91.883,24.142],[91.86,24.183],[91.837,24.197],[91.847,24.217],[91.841,24.227],[91.816,24.21],[91.747,24.245],[91.757,24.144],[91.755,24.142],[91.743,24.132],[91.754,24.108],[91.747,23.995],[91.753,23.959],[91.78,23.928],[91.773,23.915],[91.784,23.818],[91.771,23.738],[91.778,23.709],[91.767,23.689],[91.767,23.688],[91.765,23.684],[91.769,23.672],[91.752,23.652],[91.769,23.644],[91.781,23.555],[91.782,23.551],[91.792,23.543],[91.804,23.529],[91.801,23.518],[91.804,23.515],[91.826,23.495],[91.828,23.477],[91.866,23.446],[91.856,23.432],[91.864,23.408],[91.868,23.419],[91.873,23.413],[91.901,23.424],[91.907,23.44],[91.942,23.427],[91.94,23.468],[91.973,23.481],[91.973,23.504],[91.956,23.527],[91.965,23.536],[91.937,23.689],[91.959,23.699],[91.958,23.739],[91.984,23.728],[92.007,23.665],[92.059,23.643],[92.074,23.646],[92.077,23.668],[92.106,23.691],[92.119,23.732],[92.136,23.735],[92.176,23.707],[92.176,23.708],[92.172,23.751],[92.156,23.78],[92.155,23.852],[92.131,23.923],[92.12,23.932],[92.088,23.931],[92.081,23.933],[92.085,23.99]]]]],"label":{"en":"Dhalai"}},"sipahijala":{"geodata":[[0.21392100000000003,[91.154,23.277,91.571,23.79],[91.3625,23.5335],[[[91.42,23.375],[91.419,23.382],[91.385,23.404],[91.389,23.434],[91.377,23.444],[91.392,23.479],[91.375,23.518],[91.402,23.529],[91.398,23.585],[91.433,23.609],[91.463,23.663],[91.503,23.688],[91.507,23.705],[91.526,23.701],[91.532,23.706],[91.538,23.711],[91.537,23.727],[91.568,23.736],[91.568,23.737],[91.571,23.751],[91.569,23.76],[91.564,23.785],[91.564,23.788],[91.564,23.79],[91.506,23.755],[91.474,23.747],[91.441,23.752],[91.436,23.767],[91.388,23.772],[91.387,23.749],[91.371,23.745],[91.318,23.762],[91.314,23.722],[91.297,23.745],[91.277,23.723],[91.243,23.74],[91.226,23.732],[91.208,23.752],[91.157,23.742],[91.154,23.691],[91.207,23.69],[91.2,23.664],[91.215,23.657],[91.191,23.647],[91.191,23.655],[91.171,23.657],[91.157,23.67],[91.161,23.595],[91.176,23.591],[91.193,23.545],[91.213,23.547],[91.202,23.514],[91.225,23.511],[91.222,23.495],[91.238,23.499],[91.241,23.485],[91.255,23.487],[91.261,23.453],[91.284,23.419],[91.284,23.384],[91.297,23.382],[91.288,23.377],[91.293,23.355],[91.323,23.363],[91.313,23.341],[91.296,23.339],[91.288,23.315],[91.314,23.301],[91.316,23.29],[91.307,23.293],[91.302,23.278],[91.32,23.277],[91.334,23.279],[91.349,23.286],[91.36,23.295],[91.372,23.309],[91.378,23.324],[91.388,23.325],[91.388,23.356],[91.405,23.368],[91.42,23.375]]]]],"label":{"en":"Sipahijala"}},"gomati":{"geodata":[[0.23680800000000024,[91.375,23.263,91.843,23.769],[91.60900000000001,23.516],[[[91.767,23.689],[91.758,23.684],[91.736,23.703],[91.744,23.729],[91.717,23.769],[91.693,23.758],[91.647,23.769],[91.579,23.761],[91.573,23.763],[91.572,23.76],[91.569,23.76],[91.571,23.751],[91.568,23.737],[91.568,23.736],[91.537,23.727],[91.538,23.711],[91.532,23.706],[91.526,23.701],[91.507,23.705],[91.503,23.688],[91.463,23.663],[91.433,23.609],[91.398,23.585],[91.402,23.529],[91.375,23.518],[91.392,23.479],[91.377,23.444],[91.389,23.434],[91.385,23.404],[91.419,23.382],[91.42,23.375],[91.426,23.378],[91.441,23.368],[91.454,23.368],[91.457,23.38],[91.46,23.393],[91.46,23.396],[91.554,23.407],[91.575,23.384],[91.598,23.386],[91.607,23.404],[91.608,23.404],[91.637,23.352],[91.669,23.357],[91.726,23.314],[91.72,23.29],[91.742,23.264],[91.743,23.263],[91.759,23.267],[91.774,23.27],[91.76,23.283],[91.764,23.31],[91.804,23.332],[91.838,23.371],[91.843,23.424],[91.825,23.467],[91.798,23.489],[91.804,23.515],[91.801,23.518],[91.804,23.529],[91.792,23.543],[91.782,23.551],[91.781,23.555],[91.769,23.644],[91.752,23.652],[91.769,23.672],[91.765,23.684],[91.767,23.688],[91.767,23.689]]]]],"label":{"en":"Gomati"}},"khowai":{"geodata":[[0.1720720000000034,[91.47,23.684,91.784,24.232],[91.62700000000001,23.958],[[[91.755,24.142],[91.726,24.141],[91.699,24.162],[91.682,24.162],[91.663,24.232],[91.647,24.217],[91.656,24.185],[91.639,24.17],[91.631,24.103],[91.607,24.092],[91.591,24.096],[91.594,24.086],[91.581,24.074],[91.54,24.073],[91.495,24.085],[91.486,24.097],[91.47,24.061],[91.492,24.044],[91.497,24.004],[91.522,23.966],[91.519,23.953],[91.53,23.935],[91.54,23.936],[91.531,23.912],[91.551,23.909],[91.564,23.788],[91.564,23.788],[91.564,23.785],[91.569,23.76],[91.572,23.76],[91.573,23.763],[91.579,23.761],[91.647,23.769],[91.693,23.758],[91.717,23.769],[91.744,23.729],[91.736,23.703],[91.758,23.684],[91.767,23.689],[91.778,23.709],[91.771,23.738],[91.784,23.818],[91.773,23.915],[91.78,23.928],[91.753,23.959],[91.747,23.995],[91.754,24.108],[91.743,24.132],[91.755,24.142]]]]],"label":{"en":"Khowai"}},"west tripura":{"geodata":[[0.13385999999999892,[91.219,23.722,91.564,24.11],[91.3915,23.916],[[[91.564,23.788],[91.564,23.788],[91.551,23.909],[91.531,23.912],[91.54,23.936],[91.53,23.935],[91.519,23.953],[91.522,23.966],[91.497,24.004],[91.492,24.044],[91.47,24.061],[91.481,24.093],[91.438,24.101],[91.438,24.094],[91.43,24.107],[91.403,24.11],[91.376,24.106],[91.378,24.079],[91.397,24.047],[91.373,24.002],[91.379,23.975],[91.3,23.997],[91.293,23.971],[91.284,23.968],[91.28,23.982],[91.261,23.954],[91.257,23.942],[91.269,23.923],[91.233,23.92],[91.243,23.904],[91.221,23.893],[91.219,23.879],[91.248,23.83],[91.228,23.793],[91.226,23.732],[91.243,23.74],[91.277,23.723],[91.297,23.745],[91.314,23.722],[91.318,23.762],[91.371,23.745],[91.387,23.749],[91.388,23.772],[91.436,23.767],[91.441,23.752],[91.474,23.747],[91.506,23.755],[91.564,23.79],[91.564,23.788]]]]],"label":{"en":"West Tripura"}},