{"in_district":{"in-ga":{"north goa":{"geodata":[[0.23619300000000004,[73.677,15.407,74.278,15.8],[73.9775,15.6035],[[[74.251,15.491],[74.251,15.492],[74.278,15.523],[74.278,15.546],[74.262,15.565],[74.245,15.567],[74.264,15.615],[74.244,15.626],[74.252,15.654],[74.236,15.669],[74.205,15.651],[74.204,15.664],[74.187,15.668],[74.191,15.679],[74.181,15.682],[74.167,15.672],[74.165,15.654],[74.136,15.648],[74.126,15.653],[74.119,15.652],[74.118,15.652],[74.113,15.646],[74.101,15.643],[74.031,15.623],[74.021,15.606],[73.991,15.612],[73.968,15.63],[73.967,15.636],[73.964,15.691],[73.944,15.699],[73.952,15.716],[73.939,15.743],[73.875,15.751],[73.88,15.774],[73.857,15.8],[73.856,15.8],[73.855,15.797],[73.852,15.781],[73.841,15.773],[73.825,15.744],[73.825,15.741],[73.824,15.741],[73.821,15.74],[73.802,15.738],[73.786,15.726],[73.786,15.725],[73.785,15.725],[73.743,15.735],[73.728,15.72],[73.694,15.723],[73.684,15.728],[73.677,15.729],[73.69,15.722],[73.723,15.631],[73.737,15.617],[73.732,15.591],[73.755,15.546],[73.766,15.495],[73.792,15.5],[73.815,15.492],[73.803,15.462],[73.788,15.464],[73.803,15.45],[73.849,15.452],[73.863,15.429],[73.881,15.435],[73.904,15.418],[73.934,15.433],[73.946,15.448],[73.957,15.464],[73.957,15.464],[73.95,15.478],[73.955,15.487],[73.962,15.503],[73.962,15.503],[73.944,15.524],[73.962,15.54],[74.031,15.479],[74.026,15.474],[74.041,15.451],[74.034,15.447],[74.054,15.434],[74.056,15.408],[74.056,15.407],[74.069,15.411],[74.104,15.427],[74.11,15.419],[74.124,15.438],[74.179,15.437],[74.2,15.466],[74.251,15.491]]]]],"label":{"en":"North Goa"}},"south goa":{"geodata":[[0.3527279999999948,[73.784,14.901,74.336,15.54],[74.06,15.2205],[[[73.934,15.433],[73.926,15.423],[73.94,15.409],[73.892,15.409],[73.874,15.396],[73.846,15.398],[73.84,15.411],[73.826,15.403],[73.817,15.411],[73.807,15.399],[73.795,15.415],[73.784,15.409],[73.791,15.394],[73.806,15.394],[73.808,15.377],[73.842,15.36],[73.871,15.371],[73.884,15.355],[73.95,15.145],[73.936,15.134],[73.935,15.112],[73.918,15.108],[73.927,15.097],[73.912,15.086],[73.966,15.067],[73.972,15.052],[73.982,15.055],[73.989,15.02],[74.021,15.012],[74.035,14.997],[74.05,14.959],[74.044,14.917],[74.081,14.91],[74.086,14.901],[74.124,14.925],[74.162,14.912],[74.154,14.943],[74.164,14.958],[74.165,14.958],[74.179,14.957],[74.201,14.925],[74.236,14.966],[74.252,14.959],[74.264,14.979],[74.253,14.998],[74.268,15.002],[74.296,15.041],[74.273,15.098],[74.285,15.114],[74.285,15.149],[74.317,15.186],[74.302,15.224],[74.26,15.241],[74.251,15.259],[74.276,15.283],[74.326,15.283],[74.336,15.295],[74.317,15.329],[74.323,15.368],[74.276,15.392],[74.269,15.419],[74.276,15.449],[74.251,15.491],[74.2,15.466],[74.179,15.437],[74.124,15.438],[74.11,15.419],[74.104,15.427],[74.069,15.411],[74.056,15.407],[74.056,15.408],[74.054,15.434],[74.034,15.447],[74.041,15.451],[74.026,15.474],[74.031,15.479],[73.962,15.54],[73.944,15.524],[73.962,15.503],[73.962,15.503],[73.955,15.487],[73.95,15.478],[73.957,15.464],[73.957,15.464],[73.946,15.448],[73.934,15.433]]]]],"label":{"en":"South Goa"}}}}}