{"in_district":{"in-ml":{"ribhoi":{"geodata":[[0.4478860000000003,[91.336,25.641,92.273,26.119],[91.80449999999999,25.88],[[[92.153,25.671],[92.156,25.677],[92.155,25.695],[92.145,25.717],[92.144,25.717],[92.144,25.717],[92.162,25.743],[92.148,25.773],[92.151,25.817],[92.178,25.852],[92.177,25.873],[92.225,25.909],[92.202,25.906],[92.194,25.919],[92.175,25.907],[92.155,25.911],[92.154,25.911],[92.161,25.928],[92.153,25.945],[92.164,25.97],[92.175,25.978],[92.263,26.033],[92.265,26.058],[92.265,26.059],[92.273,26.066],[92.263,26.066],[92.215,26.066],[92.184,26.068],[92.176,26.073],[92.173,26.076],[92.169,26.078],[92.132,26.044],[92.097,26.049],[92.052,26.033],[91.989,26.039],[91.984,26.026],[91.931,26.012],[91.919,25.999],[91.911,26.008],[91.91,26.009],[91.915,26.021],[91.883,26.026],[91.867,26.042],[91.879,26.098],[91.827,26.119],[91.825,26.119],[91.791,26.085],[91.777,26.09],[91.731,26.059],[91.723,26.035],[91.723,25.978],[91.722,25.966],[91.721,25.962],[91.716,25.949],[91.713,25.944],[91.67,25.904],[91.652,25.906],[91.609,25.938],[91.612,25.945],[91.63,25.943],[91.641,25.964],[91.626,25.987],[91.631,26.022],[91.598,26.018],[91.58,26.033],[91.551,25.977],[91.518,25.96],[91.52,25.94],[91.503,25.927],[91.503,25.914],[91.537,25.931],[91.505,25.908],[91.504,25.891],[91.484,25.893],[91.475,25.874],[91.509,25.867],[91.463,25.857],[91.445,25.84],[91.422,25.855],[91.371,25.846],[91.336,25.841],[91.342,25.832],[91.352,25.817],[91.367,25.806],[91.418,25.803],[91.423,25.793],[91.458,25.788],[91.587,25.812],[91.645,25.804],[91.659,25.814],[91.698,25.805],[91.707,25.82],[91.749,25.827],[91.788,25.791],[91.769,25.746],[91.774,25.742],[91.808,25.733],[91.81,25.73],[91.818,25.706],[91.829,25.674],[91.834,25.644],[92.132,25.641],[92.138,25.641],[92.141,25.644],[92.149,25.653],[92.154,25.645],[92.152,25.671],[92.153,25.671]]]]],"label":{"en":"Ribhoi"}},"west khasi hills":{"geodata":[[0.5999549999999935,[90.748,25.307,91.829,25.862],[91.2885,25.5845],[[[91.336,25.841],[91.335,25.841],[91.274,25.751],[91.223,25.723],[91.191,25.748],[91.178,25.778],[91.186,25.818],[91.204,25.843],[91.196,25.862],[91.18,25.844],[91.147,25.851],[91.12,25.833],[91.062,25.821],[91.049,25.829],[91.072,25.839],[91.079,25.853],[91.048,25.849],[91.048,25.849],[91.047,25.848],[91.012,25.824],[91.007,25.825],[91.002,25.825],[91.001,25.825],[90.982,25.802],[90.957,25.777],[90.945,25.772],[90.943,25.763],[90.942,25.754],[90.984,25.743],[90.874,25.608],[90.824,25.59],[90.813,25.576],[90.801,25.588],[90.8,25.588],[90.787,25.569],[90.782,25.584],[90.772,25.578],[90.762,25.552],[90.761,25.551],[90.79,25.507],[90.79,25.486],[90.773,25.469],[90.79,25.468],[90.773,25.451],[90.76,25.459],[90.751,25.451],[90.762,25.445],[90.755,25.43],[90.764,25.417],[90.748,25.38],[90.776,25.364],[90.808,25.368],[90.838,25.355],[90.845,25.346],[90.839,25.308],[90.839,25.307],[90.839,25.308],[90.867,25.33],[90.892,25.329],[90.924,25.352],[90.975,25.34],[90.971,25.358],[90.986,25.365],[90.989,25.379],[91.025,25.339],[91.05,25.342],[91.086,25.32],[91.095,25.328],[91.098,25.33],[91.09,25.358],[91.138,25.399],[91.115,25.413],[91.106,25.436],[91.169,25.466],[91.18,25.448],[91.191,25.461],[91.209,25.461],[91.223,25.448],[91.23,25.462],[91.268,25.41],[91.284,25.412],[91.309,25.444],[91.391,25.459],[91.447,25.457],[91.517,25.456],[91.529,25.479],[91.547,25.482],[91.549,25.482],[91.542,25.511],[91.654,25.552],[91.659,25.528],[91.67,25.522],[91.689,25.526],[91.733,25.575],[91.781,25.59],[91.8,25.61],[91.808,25.659],[91.827,25.672],[91.829,25.674],[91.818,25.706],[91.81,25.73],[91.808,25.733],[91.774,25.742],[91.769,25.746],[91.788,25.791],[91.749,25.827],[91.707,25.82],[91.698,25.805],[91.659,25.814],[91.645,25.804],[91.587,25.812],[91.458,25.788],[91.423,25.793],[91.418,25.803],[91.367,25.806],[91.352,25.817],[91.342,25.832],[91.336,25.841]]]]],"label":{"en":"West Khasi Hills"}},"east jaintia hills":{"geodata":[[0.2789020000000002,[92.171,25.03,92.802,25.472],[92.4865,25.251],[[[92.569,25.465],[92.568,25.457],[92.567,25.457],[92.567,25.456],[92.547,25.458],[92.546,25.458],[92.535,25.435],[92.492,25.441],[92.45,25.422],[92.373,25.406],[92.268,25.396],[92.174,25.354],[92.171,25.336],[92.2,25.292],[92.205,25.227],[92.219,25.225],[92.235,25.2],[92.225,25.163],[92.2,25.125],[92.225,25.119],[92.209,25.112],[92.297,25.072],[92.333,25.082],[92.345,25.05],[92.426,25.03],[92.442,25.045],[92.464,25.038],[92.457,25.054],[92.472,25.067],[92.481,25.109],[92.539,25.099],[92.523,25.126],[92.522,25.137],[92.522,25.139],[92.522,25.139],[92.621,25.115],[92.628,25.138],[92.656,25.155],[92.663,25.177],[92.694,25.179],[92.743,25.207],[92.776,25.2],[92.802,25.215],[92.772,25.23],[92.762,25.247],[92.778,25.258],[92.769,25.268],[92.792,25.283],[92.782,25.333],[92.75,25.344],[92.732,25.369],[92.738,25.38],[92.718,25.373],[92.673,25.414],[92.661,25.407],[92.654,25.434],[92.639,25.418],[92.625,25.435],[92.628,25.422],[92.607,25.413],[92.599,25.466],[92.582,25.472],[92.582,25.472],[92.58,25.472],[92.569,25.465]]]]],"label":{"en":"East Jaintia Hills"}},"east khasi hills":{"geodata":[[0.43120000000000386,[91.354,25.124,92.138,25.674],[91.74600000000001,25.399],[[[91.829,25.674],[91.827,25.672],[91.808,25.659],[91.8,25.61],[91.781,25.59],[91.733,25.575],[91.689,25.526],[91.67,25.522],[91.659,25.528],[91.654,25.552],[91.542,25.511],[91.549,25.482],[91.547,25.482],[91.556,25.429],[91.524,25.349],[91.55,25.33],[91.548,25.287],[91.533,25.276],[91.496,25.283],[91.479,25.264],[91.438,25.273],[91.423,25.262],[91.403,25.264],[91.385,25.24],[91.354,25.234],[91.38,25.177],[91.404,25.166],[91.414,25.172],[91.439,25.152],[91.467,25.15],[91.471,25.136],[91.493,25.135],[91.603,25.174],[91.601,25.147],[91.619,25.147],[91.642,25.124],[91.694,25.14],[91.705,25.157],[91.744,25.149],[91.747,25.172],[91.947,25.183],[91.983,25.172],[92.016,25.189],[92.02,25.191],[92.021,25.202],[91.985,25.246],[91.988,25.281],[92.045,25.321],[92.111,25.306],[92.119,25.331],[92.111,25.336],[92.112,25.38],[92.102,25.399],[92.113,25.411],[92.095,25.451],[92.109,25.471],[92.095,25.494],[92.114,25.545],[92.105,25.562],[92.138,25.625],[92.134,25.639],[92.133,25.639],[92.132,25.641],[91.834,25.644],[91.829,25.674]]]]],"label":{"en":"East Khasi Hills"}},"south garo hills":{"geodata":[[0.30232800000000076,[90.229,25.144,90.97,25.552],[90.5995,25.348],[[[90.762,25.552],[90.679,25.482],[90.645,25.416],[90.519,25.434],[90.442,25.461],[90.369,25.458],[90.323,25.462],[90.32,25.464],[90.319,25.464],[90.304,25.418],[90.314,25.384],[90.309,25.365],[90.261,25.321],[90.247,25.254],[90.229,25.235],[90.234,25.204],[90.305,25.187],[90.332,25.192],[90.377,25.162],[90.445,25.144],[90.51,25.168],[90.636,25.173],[90.655,25.193],[90.675,25.167],[90.693,25.16],[90.721,25.165],[90.737,25.154],[90.741,25.165],[90.761,25.165],[90.78,25.184],[90.819,25.163],[90.855,25.16],[90.97,25.173],[90.968,25.201],[90.95,25.215],[90.957,25.242],[90.959,25.247],[90.955,25.251],[90.933,25.277],[90.931,25.278],[90.931,25.278],[90.916,25.277],[90.902,25.297],[90.862,25.295],[90.841,25.306],[90.839,25.308],[90.839,25.307],[90.839,25.308],[90.845,25.346],[90.838,25.355],[90.808,25.368],[90.776,25.364],[90.748,25.38],[90.764,25.417],[90.755,25.43],[90.762,25.445],[90.751,25.451],[90.76,25.459],[90.773,25.451],[90.79,25.468],[90.773,25.469],[90.79,25.486],[90.79,25.507],[90.761,25.551],[90.762,25.552]]]]],"label":{"en":"South Garo Hills"}},