{"us_county":{"us-nh":{"009":{"geodata":[[0.866475999999995,[-72.335,43.529,-71.347,44.406],[-71.841,43.9675],[[[-72.04,44.156],[-72.042,44.137],[-72.037,44.125],[-72.053,44.12],[-72.053,44.101],[-72.043,44.097],[-72.032,44.081],[-72.052,44.077],[-72.048,44.07],[-72.066,44.049],[-72.079,44.041],[-72.075,44.032],[-72.082,44.023],[-72.091,44.024],[-72.105,44.013],[-72.104,44.004],[-72.117,43.993],[-72.112,43.987],[-72.115,43.97],[-72.092,43.967],[-72.108,43.949],[-72.119,43.944],[-72.117,43.934],[-72.122,43.918],[-72.15,43.902],[-72.159,43.888],[-72.171,43.886],[-72.169,43.869],[-72.184,43.864],[-72.188,43.855],[-72.182,43.834],[-72.189,43.823],[-72.183,43.81],[-72.196,43.791],[-72.206,43.785],[-72.205,43.771],[-72.217,43.766],[-72.235,43.745],[-72.266,43.734],[-72.271,43.734],[-72.295,43.709],[-72.305,43.695],[-72.303,43.668],[-72.313,43.657],[-72.316,43.641],[-72.327,43.631],[-72.335,43.616],[-72.33,43.6],[-72.275,43.593],[-72.208,43.585],[-72.106,43.553],[-72.12,43.538],[-72.091,43.529],[-72.07,43.553],[-72.067,43.544],[-71.935,43.529],[-71.892,43.575],[-71.849,43.611],[-71.82,43.549],[-71.804,43.553],[-71.797,43.559],[-71.786,43.562],[-71.778,43.553],[-71.761,43.568],[-71.741,43.569],[-71.728,43.563],[-71.716,43.579],[-71.732,43.59],[-71.708,43.601],[-71.704,43.595],[-71.688,43.595],[-71.67,43.605],[-71.665,43.614],[-71.651,43.621],[-71.657,43.632],[-71.651,43.645],[-71.655,43.662],[-71.649,43.673],[-71.648,43.685],[-71.62,43.688],[-71.521,43.698],[-71.532,43.761],[-71.538,43.796],[-71.544,43.796],[-71.565,43.893],[-71.499,43.9],[-71.362,43.916],[-71.384,44.023],[-71.377,44.029],[-71.347,44.069],[-71.366,44.069],[-71.382,44.098],[-71.376,44.104],[-71.377,44.119],[-71.387,44.155],[-71.413,44.167],[-71.427,44.211],[-71.416,44.212],[-71.443,44.249],[-71.47,44.26],[-71.506,44.256],[-71.507,44.263],[-71.576,44.255],[-71.587,44.305],[-71.687,44.337],[-71.697,44.332],[-71.766,44.406],[-71.778,44.4],[-71.794,44.399],[-71.814,44.382],[-71.816,44.366],[-71.813,44.356],[-71.838,44.348],[-71.853,44.341],[-71.873,44.337],[-71.905,44.348],[-71.917,44.347],[-71.929,44.337],[-71.981,44.337],[-71.989,44.33],[-72.019,44.32],[-72.029,44.322],[-72.033,44.302],[-72.053,44.29],[-72.068,44.271],[-72.061,44.262],[-72.048,44.238],[-72.053,44.218],[-72.06,44.21],[-72.066,44.189],[-72.052,44.166],[-72.043,44.156],[-72.04,44.156]]]]],"label":{"en":"Grafton"}},"019":{"geodata":[[0.24350699999999995,[-72.452,43.129,-71.935,43.6],[-72.1935,43.3645],[[[-72.33,43.6],[-72.35,43.588],[-72.374,43.579],[-72.383,43.563],[-72.38,43.541],[-72.394,43.527],[-72.399,43.513],[-72.385,43.501],[-72.38,43.492],[-72.383,43.475],[-72.393,43.467],[-72.39,43.454],[-72.396,43.437],[-72.404,43.392],[-72.415,43.38],[-72.415,43.366],[-72.403,43.358],[-72.399,43.348],[-72.411,43.331],[-72.395,43.314],[-72.403,43.301],[-72.409,43.281],[-72.422,43.263],[-72.437,43.256],[-72.44,43.246],[-72.435,43.233],[-72.441,43.218],[-72.439,43.201],[-72.451,43.193],[-72.444,43.183],[-72.452,43.174],[-72.452,43.161],[-72.432,43.16],[-72.432,43.136],[-72.372,43.132],[-72.376,43.158],[-72.33,43.155],[-72.332,43.163],[-72.271,43.169],[-72.157,43.182],[-72.173,43.149],[-72.178,43.132],[-72.123,43.13],[-72.038,43.129],[-72.023,43.16],[-72.037,43.182],[-72.009,43.188],[-72.042,43.223],[-72.045,43.255],[-72.065,43.255],[-72.09,43.323],[-72.052,43.376],[-72.047,43.411],[-72.058,43.422],[-72.054,43.441],[-72.011,43.437],[-72.0,43.454],[-71.959,43.503],[-71.935,43.529],[-72.067,43.544],[-72.07,43.553],[-72.091,43.529],[-72.12,43.538],[-72.106,43.553],[-72.208,43.585],[-72.275,43.593],[-72.33,43.6]]]]],"label":{"en":"Sullivan"}},"005":{"geodata":[[0.2951599999999993,[-72.557,42.712,-71.929,43.182],[-72.243,42.947],[[[-72.452,43.161],[-72.457,43.146],[-72.453,43.139],[-72.441,43.137],[-72.442,43.129],[-72.433,43.121],[-72.434,43.11],[-72.443,43.1],[-72.435,43.087],[-72.446,43.07],[-72.467,43.054],[-72.461,43.043],[-72.463,43.026],[-72.458,43.019],[-72.444,43.01],[-72.45,43.0],[-72.459,43.001],[-72.465,42.989],[-72.463,42.982],[-72.473,42.973],[-72.482,42.974],[-72.492,42.968],[-72.518,42.963],[-72.532,42.955],[-72.528,42.945],[-72.524,42.919],[-72.532,42.907],[-72.531,42.898],[-72.54,42.89],[-72.553,42.885],[-72.557,42.852],[-72.547,42.839],[-72.547,42.826],[-72.542,42.807],[-72.517,42.789],[-72.509,42.776],[-72.516,42.77],[-72.508,42.765],[-72.491,42.773],[-72.475,42.757],[-72.474,42.747],[-72.458,42.727],[-72.283,42.722],[-72.111,42.717],[-71.982,42.713],[-71.929,42.712],[-71.941,42.776],[-71.944,42.788],[-71.975,42.789],[-71.995,42.885],[-72.006,42.944],[-72.062,42.945],[-72.058,43.019],[-72.042,43.082],[-72.034,43.129],[-72.038,43.129],[-72.123,43.13],[-72.178,43.132],[-72.173,43.149],[-72.157,43.182],[-72.271,43.169],[-72.332,43.163],[-72.33,43.155],[-72.376,43.158],[-72.372,43.132],[-72.432,43.136],[-72.432,43.16],[-72.452,43.161]]]]],"label":{"en":"Cheshire"}},"007":{"geodata":[[0.9215640000000012,[-71.766,44.086,-71.01,45.305],[-71.388,44.695499999999996],[[[-71.501,45.013],[-71.476,45.009],[-71.488,45.001],[-71.505,45.008],[-71.524,45.002],[-71.536,44.995],[-71.537,44.981],[-71.516,44.964],[-71.518,44.946],[-71.516,44.932],[-71.496,44.908],[-71.514,44.895],[-71.511,44.89],[-71.528,44.878],[-71.535,44.869],[-71.546,44.866],[-71.547,44.856],[-71.555,44.85],[-71.551,44.837],[-71.561,44.824],[-71.577,44.815],[-71.568,44.807],[-71.571,44.794],[-71.579,44.785],[-71.592,44.783],[-71.613,44.759],[-71.631,44.753],[-71.625,44.743],[-71.626,44.729],[-71.613,44.719],[-71.595,44.697],[-71.597,44.679],[-71.588,44.669],[-71.585,44.657],[-71.577,44.651],[-71.562,44.647],[-71.563,44.636],[-71.554,44.63],[-71.557,44.618],[-71.553,44.593],[-71.535,44.587],[-71.552,44.575],[-71.561,44.563],[-71.591,44.565],[-71.598,44.554],[-71.572,44.539],[-71.587,44.515],[-71.58,44.502],[-71.595,44.5],[-71.6,44.486],[-71.628,44.484],[-71.646,44.474],[-71.64,44.466],[-71.652,44.461],[-71.659,44.443],[-71.676,44.429],[-71.703,44.413],[-71.714,44.41],[-71.735,44.41],[-71.742,44.402],[-71.766,44.406],[-71.697,44.332],[-71.687,44.337],[-71.587,44.305],[-71.576,44.255],[-71.507,44.263],[-71.506,44.256],[-71.47,44.26],[-71.443,44.249],[-71.416,44.212],[-71.395,44.215],[-71.384,44.179],[-71.356,44.166],[-71.343,44.123],[-71.344,44.092],[-71.336,44.086],[-71.324,44.092],[-71.312,44.092],[-71.302,44.137],[-71.306,44.137],[-71.252,44.244],[-71.099,44.235],[-71.07,44.238],[-71.042,44.238],[-71.042,44.275],[-71.044,44.284],[-71.01,44.285],[-71.018,44.432],[-71.026,44.549],[-71.029,44.621],[-71.034,44.698],[-71.043,44.827],[-71.058,44.991],[-71.059,45.014],[-71.071,45.165],[-71.077,45.25],[-71.084,45.305],[-71.098,45.302],[-71.111,45.284],[-71.119,45.263],[-71.133,45.245],[-71.148,45.242],[-71.162,45.25],[-71.177,45.244],[-71.203,45.254],[-71.211,45.25],[-71.231,45.249],[-71.236,45.261],[-71.246,45.269],[-71.259,45.272],[-71.266,45.291],[-71.281,45.295],[-71.288,45.301],[-71.301,45.297],[-71.308,45.287],[-71.331,45.28],[-71.336,45.273],[-71.363,45.267],[-71.357,45.254],[-71.376,45.245],[-71.384,45.234],[-71.396,45.242],[-71.407,45.241],[-71.42,45.233],[-71.438,45.233],[-71.403,45.215],[-71.398,45.205],[-71.424,45.163],[-71.426,45.153],[-71.436,45.14],[-71.429,45.134],[-71.43,45.122],[-71.45,45.111],[-71.452,45.102],[-71.464,45.093],[-71.467,45.085],[-71.477,45.084],[-71.489,45.074],[-71.504,45.052],[-71.503,45.045],[-71.491,45.043],[-71.498,45.03],[-71.501,45.013]]]]],"label":{"en":"Coos"}},